{
    "opening": {
        "stone": -2.206442878745927,
        "mobility": 6.612227419544277,
        "position": 0.17155623079074142,
        "corner": 20.619136533399583,
        "x_square": -75.51643962303781,
        "c_square": -19.200918931432554,
        "edge": -1.588564881579438
    },
    "middle": {
        "stone": -3.045682357607841,
        "mobility": 7.329767917755226,
        "position": 0.20610804485756784,
        "corner": 38.877122515003066,
        "x_square": -89.29694234855235,
        "c_square": -8.847727212840292,
        "edge": 3.65385147317286
    },
    "end": {
        "stone": -2.798530227507333,
        "mobility": 15.557501603181663,
        "position": 0.15272039526934789,
        "corner": 63.43783804475579,
        "x_square": -27.818575170277686,
        "c_square": -4.119087234078105,
        "edge": 7.641928360643763
    }
}