{
    "opening": {
        "stone": 0.5196625566713222,
        "mobility": 10.41766626139785,
        "position": 0.6015250129787385,
        "corner": 15.653094495597685,
        "x_square": -42.00961603883702,
        "c_square": -9.122060262900117,
        "edge": 1.5046330380463941
    },
    "middle": {
        "stone": -1.8452960454613883,
        "mobility": 3.226211528519774,
        "position": 0.07825312684191871,
        "corner": 14.357976984320093,
        "x_square": -28.20105977821996,
        "c_square": -6.280026422482966,
        "edge": 3.8243144461844545
    },
    "end": {
        "stone": 2.755555998546384,
        "mobility": -0.19073079025590328,
        "position": 2.1710654675656373,
        "corner": 161.5561272679479,
        "x_square": -9.979968909812518,
        "c_square": -5.902628318367316,
        "edge": 7.8506426044079145
    }
}