{
    "opening": {
        "stone": -2.323580239129695,
        "mobility": 7.619382810169231,
        "position": -0.05129818435074329,
        "corner": 19.355401036067814,
        "x_square": -88.26036099553903,
        "c_square": -9.738422616640051,
        "edge": -1.6042012955676992
    },
    "middle": {
        "stone": -2.215010579943932,
        "mobility": 5.497513988205781,
        "position": 0.20610804485756784,
        "corner": 62.030728447827215,
        "x_square": -31.84376580113156,
        "c_square": -8.810836811946666,
        "edge": 4.064083353545195
    },
    "end": {
        "stone": -1.2608460253126679,
        "mobility": 12.507626954706602,
        "position": 0.15272039526934789,
        "corner": 93.82608249256654,
        "x_square": -30.783810724008482,
        "c_square": -12.970357148708613,
        "edge": 7.732492267766305
    }
}