{
    "opening": {
        "stone": -2.0,
        "mobility": 8.0,
        "position": 0.5,
        "corner": 30.0,
        "x_square": -20.0,
        "c_square": -10.0,
        "edge": 2.0
    },
    "middle": {
        "stone": 1.2085296046629808,
        "mobility": 6.0,
        "position": 0.3897567254723795,
        "corner": 19.51220988341579,
        "x_square": -19.247261134726234,
        "c_square": -10.09953386474362,
        "edge": 2.21764693977169
    },
    "end": {
        "stone": 8.0,
        "mobility": 1.0,
        "position": 0.3,
        "corner": 50.0,
        "x_square": -10.0,
        "c_square": -5.0,
        "edge": 5.0
    }
}