{
    "opening": {
        "stone": -2.0,
        "mobility": 8.0,
        "position": 0.5,
        "corner": 30.0,
        "x_square": -20.0,
        "c_square": -10.0,
        "edge": 2.0
    },
    "middle": {
        "stone": -0.541431392934076,
        "mobility": 5.38474854798781,
        "position": 0.20315857397652043,
        "corner": 11.916452762247514,
        "x_square": -9.713294167090687,
        "c_square": -6.57088134294599,
        "edge": 4.627694178347993
    },
    "end": {
        "stone": 8.0,
        "mobility": 1.0,
        "position": 0.3,
        "corner": 50.0,
        "x_square": -10.0,
        "c_square": -5.0,
        "edge": 5.0
    }
}