{
    "opening": {
        "stone": -2.796015315735274,
        "mobility": 3.324412169898835,
        "position": -0.001531285739932997,
        "corner": 23.088115181089783,
        "x_square": -20.728835472745516,
        "c_square": -9.736341762788117,
        "edge": 1.0169289523922216
    },
    "middle": {
        "stone": -0.541431392934076,
        "mobility": 5.38474854798781,
        "position": 0.20315857397652043,
        "corner": 11.916452762247514,
        "x_square": -9.713294167090687,
        "c_square": -6.57088134294599,
        "edge": 4.627694178347993
    },
    "end": {
        "stone": 8.0,
        "mobility": 1.0,
        "position": 0.3,
        "corner": 50.0,
        "x_square": -10.0,
        "c_square": -5.0,
        "edge": 5.0
    }
}